AREA,BFIHOST,FARL,FPEXT,LDP,PROPWET,RMED-1D,SAAR,Index flood
0.113654006,0.436953642,0.89144385,0.301210787,0.175194346,0.328571429,0.427017544,0.249075975,0.115640549
0.158922746,0.584238411,0.835828877,0.733131535,0.276144484,0.176190476,0.318947368,0.115195072,0.105811295
0.257193063,0.380794702,0.510695187,0.203467254,0.354228504,0.341269841,0.473333333,0.350924025,0.236827099
0.425334098,0.377615894,0.878609626,0.586956522,0.471888496,0.544444444,0.443859649,0.343942505,0.441693569
0.130096603,0.273774834,0.73315508,0.560539351,0.22978406,0.265079365,0.44245614,0.207186858,0.133235527
0.489861545,0.545033113,0.754545455,0.810181618,0.422198665,0.252380952,0.342807018,0.155441478,0.164491906
0.131568869,0.33205298,0.9,0.361970281,0.255665489,0.201587302,0.375087719,0.12587269,0.116429823
0.132761359,0.318278146,0.9,0.216235553,0.231542992,0.646031746,0.674035088,0.628131417,0.195694587
0.402841909,0.356423841,0.232620321,0.418326912,0.509328622,0.620634921,0.697894737,0.6137577,0.445532535
0.1930784,0.326754967,0.686096257,0.554375344,0.287451904,0.201587302,0.407368421,0.14312115,0.12535559
0.183547657,0.803576159,0.767379679,0.3263071,0.326274048,0.277777778,0.452280702,0.257289528,0.113235228
0.118061631,0.226092715,0.89144385,0.199944964,0.162127994,0.607936508,0.467719298,0.334086242,0.150298641
0.121501505,0.629801325,0.874331551,0.199504678,0.164075383,0.303174603,0.471929825,0.249897331,0.121431387
0.56191085,0.349006623,0.617647059,0.291084205,0.672155477,0.519047619,0.553333333,0.431827515,0.479432039
0.119703598,0.245165563,0.9,0.154595487,0.181727523,0.56984127,0.421403509,0.197741273,0.117616287
0.102696861,0.390331126,0.9,0.1,0.122300746,0.379365079,0.483157895,0.378850103,0.109509624
0.159569442,0.502649007,0.686096257,0.251458448,0.214707499,0.506349206,0.483157895,0.280698152,0.188013245
0.16673814,0.374437086,0.874331551,0.292405063,0.285253239,0.595238095,0.43122807,0.357494867,0.240735958
0.22610119,0.436953642,0.852941176,0.44166208,0.33180212,0.633333333,0.372280702,0.340246407,0.248621863
0.139095313,0.36807947,0.600534759,0.424050633,0.246117,0.595238095,0.63754386,0.624845996,0.221689435
0.189202809,0.375496689,0.840106952,0.263786461,0.317856302,0.404761905,0.471929825,0.230595483,0.173059688
0.119400889,0.340529801,0.895721925,0.22812328,0.187946604,0.722222222,0.606666667,0.621149897,0.170741307
0.150511108,0.381854305,0.9,0.191579527,0.277338045,0.468253968,0.512631579,0.362422998,0.150313983
0.135907697,0.421059603,0.25828877,0.363731425,0.228716137,0.442857143,0.848070175,0.797741273,0.176939567
0.312364053,0.398807947,0.878609626,0.218436984,0.340848057,0.658730159,0.752631579,0.624024641,0.632504819
0.111319478,0.391390728,0.882887701,0.65299945,0.149312917,0.23968254,0.396140351,0.123408624,0.104931674
0.332952845,0.490993377,0.882887701,0.248816731,0.517934825,0.531746032,0.434035088,0.267556468,0.266092399
0.120478716,0.387152318,0.89144385,0.325426527,0.174063604,0.557142857,0.596842105,0.486447639,0.20644864
0.61362362,0.377615894,0.844385027,0.294166208,0.479175501,0.544444444,0.412982456,0.25523614,0.696493875
0.224748173,0.245165563,0.857219251,0.595321959,0.366666667,0.353968254,0.398947368,0.156262834,0.191258127
0.109163824,0.293907285,0.89144385,0.369895432,0.134738909,0.392063492,0.60245614,0.539014374,0.121458661
0.343387129,0.549271523,0.870053476,0.296807925,0.432438163,0.353968254,0.404561404,0.209650924,0.196804342
0.119575176,0.51218543,0.9,0.190258668,0.197495092,0.43015873,0.700701754,0.553798768,0.163264528
0.132348574,0.411523179,0.874331551,0.292405063,0.264899882,0.404761905,0.509824561,0.373921971,0.166264786
0.150153361,0.222913907,0.822994652,0.287121629,0.227334119,0.722222222,0.755438596,0.626078029,0.208063832
0.132307295,0.9,0.600534759,0.262905889,0.247875932,0.252380952,0.414385965,0.206776181,0.100998949
0.200334241,0.406225166,0.882887701,0.243973583,0.242159403,0.455555556,0.516842105,0.374743326,0.237850767
0.131408342,0.334172185,0.745989305,0.347440837,0.221806046,0.722222222,0.864912281,0.817864476,0.272706614
0.146057618,0.502649007,0.9,0.247495872,0.287828818,0.417460317,0.563157895,0.457289528,0.154613216
0.130018633,0.326754967,0.797326203,0.241772152,0.224318806,0.658730159,0.43122807,0.360780287,0.151676032
0.116392146,0.518543046,0.9,0.194221244,0.184742835,0.43015873,0.518245614,0.394455852,0.109392853
0.172608858,0.515364238,0.604812834,0.585195377,0.293294071,0.252380952,0.341403509,0.157905544,0.107739301
0.134403325,0.31192053,0.857219251,0.354045129,0.222685512,0.150793651,0.35122807,0.116427105,0.119667031
0.266976064,0.319337748,0.870053476,0.351843698,0.364782097,0.595238095,0.469122807,0.383778234,0.341143166
0.198403325,0.495231788,0.75026738,0.407760044,0.272061249,0.303174603,0.460701754,0.225667351,0.184414641
0.198174,0.700794702,0.797326203,0.297688498,0.304036121,0.265079365,0.432631579,0.229774127,0.125266092
0.141792174,0.39986755,0.857219251,0.395432031,0.220486847,0.23968254,0.387719298,0.158316222,0.12244227
0.291697291,0.291788079,0.775935829,0.52135388,0.45147232,0.201587302,0.377894737,0.131622177,0.163097468
0.111888204,0.458145695,0.788770053,0.869620253,0.147553985,0.214285714,0.320350877,0.120123203,0.101036453
0.123056328,0.330993377,0.861497326,0.321023665,0.181601885,0.56984127,0.533684211,0.511498973,0.193561165
0.226679088,0.342649007,0.870053476,0.483489268,0.297314488,0.480952381,0.450877193,0.311909651,0.235908271
0.293596101,0.264238411,0.236898396,0.333791965,0.415791127,0.56984127,0.443859649,0.370225873,0.344020686
0.124629497,0.682781457,0.861497326,0.284920198,0.17996859,0.23968254,0.405964912,0.214579055,0.112994014
0.19982514,0.270596026,0.527807487,0.217996698,0.333812328,0.493650794,0.526666667,0.37063655,0.258947182
0.106948545,0.725165563,0.9,0.155916346,0.130404397,0.277777778,0.469122807,0.237577002,0.101342445
0.180263724,0.551390728,0.784491979,0.647716015,0.251330978,0.303174603,0.453684211,0.215400411,0.14504819
0.207131432,0.781324503,0.810160428,0.239570721,0.30221437,0.226984127,0.414385965,0.172689938,0.105351028
0.113713631,0.230331126,0.9,0.325426527,0.184114645,0.582539683,0.537894737,0.42936345,0.147058021
0.162541493,0.219735099,0.865775401,0.621298844,0.283557126,0.125396825,0.34,0.110677618,0.124391585
0.136127849,0.64781457,0.694652406,0.36549257,0.197809187,0.176190476,0.421403509,0.154620123,0.104844735
0.139613588,0.227152318,0.651871658,0.292845349,0.22789949,0.582539683,0.615087719,0.475359343,0.240880005
0.138558693,0.582119205,0.9,0.206549257,0.287137809,0.404761905,0.44245614,0.321355236,0.120633591
0.116130715,0.36384106,0.634759358,0.281397909,0.185999215,0.417460317,0.619298246,0.542299795,0.12793223
0.680407625,0.288609272,0.720320856,0.435057788,0.856592069,0.328571429,0.441052632,0.267145791,0.767465315
0.136036119,0.398807947,0.818716578,0.221518987,0.251645073,0.43015873,0.631929825,0.490143737,0.200847871
0.164729253,0.364900662,0.895721925,0.230324711,0.25748724,0.658730159,0.595438596,0.538603696,0.325839294
0.133311739,0.461324503,0.9,0.382663731,0.175885355,0.303174603,0.519649123,0.234291581,0.151509826
0.199481152,0.40410596,0.810160428,0.239130435,0.342921084,0.557142857,0.533684211,0.340657084,0.20694385
0.208057905,0.418940397,0.835828877,0.363731425,0.36076168,0.633333333,0.565964912,0.454414784,0.281619585
0.423848072,0.627682119,0.72459893,0.808420473,0.403855516,0.188888889,0.32877193,0.119712526,0.127679937
0.173283073,0.716688742,0.788770053,0.464556962,0.250954064,0.214285714,0.348421053,0.145174538,0.109912784
0.106604558,0.281192053,0.89144385,0.350963126,0.130906949,0.43015873,0.615087719,0.56201232,0.120296915
0.212580192,0.397748344,0.865775401,0.521794166,0.457879859,0.150793651,0.331578947,0.105338809,0.11905249
0.248033825,0.346887417,0.870053476,0.232085856,0.297314488,0.56984127,0.476140351,0.342299795,0.423219822
0.105118532,0.143443709,0.9,0.144909191,0.131786415,0.56984127,0.553333333,0.471252567,0.125495373
0.109466533,0.276953642,0.9,0.274793616,0.172367491,0.404761905,0.874736842,0.730800821,0.163073602
0.145163251,0.706092715,0.848663102,0.309135938,0.20264625,0.214285714,0.391929825,0.193223819,0.10309913
0.212263724,0.349006623,0.887165775,0.273913043,0.33368669,0.646031746,0.634736842,0.538603696,0.398142099
0.167063781,0.472980132,0.686096257,0.164722069,0.316788378,0.468253968,0.603859649,0.435112936,0.177117707
0.196486169,0.261059603,0.840106952,0.400275179,0.33368669,0.56984127,0.452280702,0.372279261,0.227130812
0.116901247,0.367019868,0.801604278,0.222839846,0.190899097,0.277777778,0.422807018,0.23798768,0.121214039
0.148460943,0.801456954,0.763101604,0.217996698,0.310883392,0.23968254,0.428421053,0.207597536,0.105461833
0.158372366,0.518543046,0.224064171,0.288002201,0.270930506,0.265079365,0.474736842,0.275770021,0.131102105
0.130325928,0.450728477,0.801604278,0.21887727,0.21652925,0.366666667,0.498596491,0.186652977,0.128693375
0.108008026,0.391390728,0.754545455,0.280957622,0.141083628,0.252380952,0.452280702,0.221560575,0.122077465
0.121033682,0.281192053,0.9,0.305173363,0.176325088,0.417460317,0.862105263,0.686447639,0.217039035
0.239626774,0.649933775,0.874331551,0.872702256,0.306423243,0.125396825,0.330175439,0.1,0.112916451
0.131899097,0.322516556,0.895721925,0.282718767,0.162190813,0.455555556,0.492982456,0.359958932,0.207828585
0.15154307,0.830066225,0.793048128,0.35052284,0.244106792,0.265079365,0.422807018,0.250308008,0.10722278
0.77972825,0.52807947,0.874331551,0.361970281,0.82191598,0.265079365,0.404561404,0.206365503,0.379075119
0.155872725,0.304503311,0.549197861,0.251018162,0.262198665,0.785714286,0.598245614,0.752156057,0.28912023
0.1258174,0.850198675,0.797326203,0.260264172,0.192406753,0.252380952,0.494385965,0.23963039,0.102500783
0.192046438,0.299205298,0.506417112,0.254100165,0.355924617,0.620634921,0.494385965,0.431416838,0.237193608
0.20890182,0.488874172,0.895721925,0.238690149,0.282866117,0.366666667,0.434035088,0.22073922,0.202623308
0.523517271,0.407284768,0.852941176,0.428453495,0.572587358,0.607936508,0.51122807,0.424845996,0.639874202
0.188299269,0.261059603,0.895721925,0.253659879,0.264083235,0.722222222,0.74,0.589527721,0.588162406
0.115016196,0.266357616,0.9,0.183214089,0.164012564,0.734920635,0.546315789,0.499589322,0.163685587
0.457797334,0.35218543,0.784491979,0.302091359,0.714495485,0.531746032,0.481754386,0.307802875,0.644636293
0.157381683,0.766490066,0.429411765,0.364171712,0.304789949,0.226984127,0.418596491,0.212525667,0.105291364
0.139342984,0.421059603,0.810160428,0.458392955,0.198437377,0.328571429,0.481754386,0.236344969,0.143899227
0.188115809,0.207019868,0.707486631,0.416125482,0.261067923,0.696825397,0.398947368,0.320533881,0.278360214
0.292210979,0.416821192,0.810160428,0.184975234,0.438029054,0.43015873,0.575789474,0.42936345,0.346362081
0.171214562,0.607549669,0.784491979,0.433296643,0.257675697,0.265079365,0.48877193,0.248665298,0.147216558
0.600556686,0.369139073,0.771657754,0.373858008,0.683274441,0.582539683,0.459298246,0.348870637,0.567977149
0.402438297,0.254701987,0.805882353,0.242212438,0.533765214,0.417460317,0.435438596,0.253593429,0.415569165
0.186762792,0.258940397,0.827272727,0.278315905,0.289839026,0.607936508,0.828421053,0.669609856,0.471304068
0.213231475,0.336291391,0.89144385,0.433736929,0.37464468,0.607936508,0.523859649,0.368583162,0.338794953
0.111420381,0.604370861,0.797326203,0.244413869,0.138131135,0.379365079,0.528070175,0.389938398,0.103724752
0.130830443,0.452847682,0.89144385,0.229884425,0.243918335,0.201587302,0.36245614,0.132854209,0.116809967
0.249226315,0.424238411,0.895721925,0.229003853,0.294613271,0.506349206,0.526666667,0.406776181,0.307974975
0.103127992,0.343708609,0.9,0.226362135,0.122740479,0.303174603,0.47754386,0.283572895,0.10664148
0.13418776,0.349006623,0.895721925,0.353164557,0.262952493,0.607936508,0.542105263,0.4724846,0.232655718
0.224849076,0.282251656,0.720320856,0.692625206,0.32426384,0.531746032,0.515438596,0.384188912,0.333486543
0.138829296,0.883046358,0.9,0.239570721,0.219733019,0.252380952,0.504210526,0.249075975,0.101513766
0.150942239,0.339470199,0.895721925,0.249257017,0.223879073,0.455555556,0.473333333,0.340246407,0.167976296
0.296462663,0.28013245,0.793048128,0.243973583,0.454110718,0.607936508,0.546315789,0.439219713,0.546392339
0.465121972,0.351125828,0.861497326,0.310016511,0.585590891,0.671428571,0.567368421,0.470431211,0.861753531
0.210410778,0.19218543,0.639037433,0.237809576,0.323824107,0.582539683,0.603859649,0.499589322,0.429643101
0.155386556,0.447549669,0.861497326,0.782883875,0.196741264,0.214285714,0.369473684,0.13449692,0.112180024
0.21108958,0.247284768,0.506417112,0.206108971,0.39732234,0.56984127,0.481754386,0.219096509,0.169046843
0.156340548,0.479337748,0.89144385,0.351403412,0.295618375,0.392063492,0.504210526,0.235934292,0.159955721
0.115213416,0.372317881,0.887165775,0.359328564,0.20201806,0.722222222,0.791929825,0.696303901,0.170698689
0.121134585,0.418940397,0.89144385,0.311337369,0.183109541,0.265079365,0.435438596,0.201437372,0.121008624
0.284854235,0.515364238,0.870053476,0.340836544,0.366038477,0.341269841,0.421403509,0.244147844,0.181883173
0.116942525,0.517483444,0.870053476,0.178811227,0.182983903,0.43015873,0.525263158,0.414579055,0.110299749
0.129225168,0.233509934,0.793048128,0.220638415,0.200824499,0.607936508,0.824210526,0.683983573,0.253155491
0.105384549,0.262119205,0.818716578,0.152834342,0.148621908,0.442857143,0.832631579,0.71889117,0.136178677
0.540198366,0.433774834,0.887165775,0.271271326,0.617126031,0.404761905,0.421403509,0.251540041,0.524120539
0.164417371,0.422119205,0.805882353,0.422289488,0.262889674,0.226984127,0.398947368,0.194455852,0.12794672
0.152533754,0.40410596,0.172727273,0.303852504,0.233239105,0.620634921,0.720350877,0.681930185,0.178724379
0.177621901,0.205960265,0.801604278,0.34700055,0.290906949,0.557142857,0.543508772,0.487679671,0.379259226
0.17073298,0.345827815,0.874331551,0.426252064,0.306800157,0.176190476,0.300701754,0.10862423,0.118737122
0.224477569,0.343708609,0.9,0.27083104,0.318233216,0.595238095,0.457894737,0.371047228,0.329269987
0.191642826,0.424238411,0.686096257,0.791249312,0.27130742,0.252380952,0.348421053,0.165708419,0.117912903
0.108108929,0.416821192,0.9,0.28007705,0.149187279,0.607936508,0.887368421,0.68110883,0.148024582
0.116048158,0.202781457,0.874331551,0.167804073,0.177958382,0.56984127,0.491578947,0.332854209,0.141277409
0.139067794,0.147682119,0.895721925,0.275233902,0.236945426,0.607936508,0.498596491,0.333264887,0.225073248
0.109576609,0.34794702,0.9,0.409521189,0.156348645,0.480952381,0.424210526,0.298767967,0.118052688
0.102375806,0.517483444,0.9,0.140066043,0.123871221,0.29047619,0.519649123,0.367351129,0.104819164
0.248102623,0.307682119,0.844385027,0.35976885,0.40486062,0.620634921,0.526666667,0.489322382,0.440984417
0.125349577,0.474039735,0.844385027,0.231205283,0.205912839,0.417460317,0.608070175,0.45687885,0.150693279
0.108498782,0.364900662,0.9,0.191579527,0.139890067,0.455555556,0.47754386,0.361190965,0.131501003
0.169856959,0.310860927,0.129946524,0.172206935,0.232359639,0.734920635,0.558947368,0.484804928,0.191573495
0.105517558,0.248344371,0.814438503,0.193780958,0.128142913,0.493650794,0.798947368,0.576796715,0.125304447
0.171549377,0.517483444,0.870053476,0.428453495,0.388904594,0.633333333,0.387719298,0.256468172,0.152690324
0.153405188,0.227152318,0.882887701,0.179251513,0.230600707,0.56984127,0.51122807,0.257700205,0.181832032
0.319995987,0.394569536,0.844385027,0.431975784,0.464350216,0.150793651,0.321754386,0.109856263,0.149700294
0.135054608,0.501589404,0.784491979,0.139625757,0.188637613,0.455555556,0.570175439,0.421560575,0.126942656
0.204196073,0.451788079,0.775935829,0.700110072,0.338398115,0.214285714,0.337192982,0.131211499,0.112909632
0.202797191,0.518543046,0.857219251,0.301210787,0.413027091,0.341269841,0.424210526,0.247022587,0.136563085
0.347239788,0.370198675,0.852941176,0.203026968,0.494063604,0.620634921,0.492982456,0.325462012,0.481758944
0.169604701,0.489933775,0.844385027,0.624380848,0.239709462,0.252380952,0.358245614,0.162833676,0.124175089
0.249602408,0.897880795,0.681818182,0.315740231,0.403352964,0.252380952,0.421403509,0.212936345,0.115268926
0.51780708,0.337350993,0.818716578,0.386626307,0.729823322,0.341269841,0.519649123,0.330390144,0.568062383
0.349487172,0.47192053,0.788770053,0.252779307,0.419811543,0.544444444,0.665614035,0.477412731,0.687334565
0.123964455,0.380794702,0.9,0.254980737,0.174691794,0.506349206,0.547719298,0.410882957,0.131927176
0.177626487,0.860794702,0.810160428,0.387066593,0.287514723,0.265079365,0.427017544,0.223613963,0.111477691
0.179305145,0.412582781,0.857219251,0.293285636,0.344680016,0.607936508,0.56877193,0.46386037,0.257457281
0.240846782,0.537615894,0.865775401,0.547330765,0.341539066,0.328571429,0.417192982,0.198973306,0.16820643
0.163844059,0.358543046,0.870053476,0.331590534,0.212948567,0.722222222,0.710526316,0.539835729,0.488665503
0.109760069,0.382913907,0.822994652,0.188497523,0.169477817,0.392063492,0.564561404,0.49137577,0.113172155
0.143452487,0.441192053,0.878609626,0.253219593,0.259120534,0.468253968,0.424210526,0.26386037,0.123495769
0.303938656,0.281192053,0.887165775,0.488772702,0.55480958,0.595238095,0.539298246,0.421971253,0.472758153
0.265100186,0.729403974,0.690374332,0.420088057,0.52961916,0.23968254,0.405964912,0.175975359,0.118570914
0.132976924,0.339470199,0.617647059,0.558778206,0.203651355,0.480952381,0.464912281,0.259342916,0.123480427
0.153162104,0.245165563,0.104278075,0.300770501,0.233804476,0.874603175,0.64877193,0.775154004,0.244840856
0.20144876,0.329933775,0.874331551,0.391029169,0.34505693,0.150793651,0.335789474,0.112320329,0.127677379
0.308841622,0.542913907,0.865775401,0.28007705,0.413152729,0.353968254,0.405964912,0.211293634,0.184849337
0.120405332,0.328874172,0.309625668,0.37826087,0.203776993,0.506349206,0.815789474,0.754620123,0.13400349
0.10445349,0.32781457,0.9,0.118932306,0.121232823,0.455555556,0.462105263,0.358316222,0.120325042
0.183290813,0.417880795,0.780213904,0.404237755,0.248755399,0.722222222,0.714736842,0.604312115,0.311574432
0.23626487,0.422119205,0.887165775,0.228563566,0.416105222,0.531746032,0.64877193,0.507392197,0.401874539
0.145942955,0.567284768,0.895721925,0.360209136,0.218162544,0.150793651,0.330175439,0.108213552,0.106181213
0.411519564,0.47192053,0.882887701,0.496257567,0.449336474,0.265079365,0.387719298,0.208829569,0.242873642
0.1,0.1,0.9,0.413924051,0.1,0.607936508,0.483157895,0.320533881,0.102353327
0.439474273,0.377615894,0.745989305,0.364611998,0.577110326,0.582539683,0.487368421,0.373100616,0.434032683
0.473217142,0.333112583,0.600534759,0.343478261,0.830647821,0.341269841,0.497192982,0.33449692,0.44632266
0.102990397,0.219735099,0.9,0.14843148,0.11890852,0.252380952,0.462105263,0.221560575,0.107166524
0.184703454,0.358543046,0.728877005,0.54909191,0.27262662,0.493650794,0.476140351,0.267967146,0.159420447
0.146204386,0.479337748,0.840106952,0.221518987,0.293231252,0.417460317,0.681052632,0.506570842,0.209531572
0.587265014,0.59589404,0.848663102,0.584755091,0.75451119,0.265079365,0.43122807,0.224024641,0.295095175
0.206044432,0.344768212,0.89144385,0.257622455,0.276709855,0.506349206,0.550526316,0.33449692,0.333730313
0.102889494,0.319337748,0.9,0.122894882,0.124876325,0.480952381,0.516842105,0.423203285,0.107319947
0.301287659,0.268476821,0.887165775,0.284039626,0.389407146,0.633333333,0.44245614,0.431827515,0.575665309
0.166174,0.371258278,0.887165775,0.219317556,0.299324696,0.633333333,0.436842105,0.300821355,0.201370359
0.117979074,0.546092715,0.895721925,0.201706109,0.153898704,0.392063492,0.418596491,0.3,0.12321279
0.121290526,0.236688742,0.788770053,0.302091359,0.179528857,0.722222222,0.9,0.9,0.212855721
0.107893364,0.253642384,0.9,0.131260319,0.150192383,0.328571429,0.438245614,0.275770021,0.114991061
0.175943242,0.445430464,0.835828877,0.243973583,0.322630546,0.404761905,0.554736842,0.459753593,0.183164246
0.213800201,0.446490066,0.878609626,0.247936159,0.329352179,0.417460317,0.818596491,0.597741273,0.49909907
0.114144761,0.33205298,0.9,0.170005504,0.15352179,0.722222222,0.603859649,0.591581109,0.138349602
0.143126845,0.63192053,0.728877005,0.531920748,0.253906557,0.252380952,0.349824561,0.173921971,0.108223434
0.13253662,0.287549669,0.887165775,0.20038525,0.201703965,0.480952381,0.481754386,0.346817248,0.174297294
0.878691128,0.339470199,0.72459893,0.372977435,0.841578327,0.56984127,0.441052632,0.338193018,0.74128977
0.236379533,0.486754967,0.865775401,0.811942763,0.379795838,0.595238095,0.44245614,0.328747433,0.204518076
0.238787444,0.373377483,0.865775401,0.583434232,0.381303494,0.519047619,0.44245614,0.373511294,0.290870105
0.333241794,0.232450331,0.523529412,0.241772152,0.431684335,0.582539683,0.542105263,0.408418891,0.542385461
0.17864469,0.430596026,0.861497326,0.422729774,0.277275226,0.353968254,0.382105263,0.181314168,0.137924282
0.208071664,0.324635762,0.241176471,0.365932856,0.278657244,0.633333333,0.864912281,0.789527721,0.277645096
0.132632937,0.367019868,0.865775401,0.351843698,0.201075775,0.214285714,0.327368421,0.113141684,0.114229064
0.118832163,0.54397351,0.510695187,0.162520638,0.161436985,0.353968254,0.480350877,0.341889117,0.114517157
0.257940662,0.310860927,0.874331551,0.247936159,0.395249313,0.392063492,0.414385965,0.242094456,0.320347629
0.122331661,0.358543046,0.9,0.376059439,0.216403612,0.176190476,0.292280702,0.112320329,0.107725664
0.203576896,0.323576159,0.882887701,0.311777655,0.336890459,0.607936508,0.747017544,0.64661191,0.525291662
0.154689408,0.198543046,0.450802139,0.413924051,0.276332941,0.582539683,0.393333333,0.318069815,0.184578291
0.326453777,0.321456954,0.874331551,0.243973583,0.469375736,0.595238095,0.558947368,0.454825462,0.703734554
0.178580479,0.268476821,0.643315508,0.192460099,0.210121712,0.544444444,0.554736842,0.427720739,0.240731696
0.189973341,0.485695364,0.882887701,0.285360484,0.277840597,0.379365079,0.529473684,0.394455852,0.194838832
0.144814677,0.484635762,0.814438503,0.411282334,0.198500196,0.252380952,0.391929825,0.167761807,0.124879979
0.160092303,0.282251656,0.840106952,0.365932856,0.227773852,0.201587302,0.376491228,0.141889117,0.122790027
0.15128164,0.519602649,0.420855615,0.273913043,0.234872399,0.442857143,0.455087719,0.223203285,0.131890523
0.175525871,0.416821192,0.420855615,0.803577325,0.38155477,0.582539683,0.43122807,0.417453799,0.141172569
0.102912427,0.712450331,0.857219251,0.641552009,0.12519042,0.328571429,0.370877193,0.166940452,0.101539337
0.126496202,0.824768212,0.844385027,0.555255916,0.236191598,0.201587302,0.376491228,0.157084189,0.102236556
0.146218145,0.409403974,0.822994652,0.406439185,0.281358461,0.607936508,0.492982456,0.324640657,0.16020972
0.518091443,0.524900662,0.814438503,0.285800771,0.679128386,0.531746032,0.63754386,0.431827515,0.782203229
0.166660169,0.315099338,0.514973262,0.319702807,0.248315665,0.620634921,0.783508772,0.702053388,0.282243502
0.106453203,0.513245033,0.9,0.254980737,0.142779741,0.265079365,0.446666667,0.254004107,0.103816805
0.105155224,0.158278146,0.767379679,0.23164557,0.135367099,0.722222222,0.801754386,0.691786448,0.127188984
0.419394582,0.44013245,0.788770053,0.312217942,0.398704358,0.531746032,0.462105263,0.338603696,0.400484346
0.181800201,0.394569536,0.874331551,0.266428178,0.259811543,0.353968254,0.44245614,0.240041068,0.183364551
0.192147341,0.520662252,0.882887701,0.374298294,0.285253239,0.442857143,0.439649123,0.271663244,0.145878374
0.189638527,0.290728477,0.74171123,0.404237755,0.322756184,0.633333333,0.553333333,0.421149897,0.242962286
0.159569442,0.365960265,0.463636364,0.226802422,0.270365135,0.734920635,0.466315789,0.460574949,0.185653952
0.210993264,0.31615894,0.651871658,0.330709961,0.432563801,0.582539683,0.481754386,0.432238193,0.254300192
0.147860112,0.34794702,0.211229947,0.295487067,0.243918335,0.70952381,0.43122807,0.401026694,0.186071601
0.117979074,0.603311258,0.810160428,0.238249862,0.171927758,0.379365079,0.516842105,0.365708419,0.108734842
0.228605418,0.26,0.784491979,0.350082554,0.331488025,0.392063492,0.410175439,0.19650924,0.271240577
0.157707324,0.452847682,0.694652406,0.499339571,0.271118963,0.684126984,0.546315789,0.401848049,0.162272397
0.192459223,0.297086093,0.89144385,0.524435883,0.356113074,0.595238095,0.564561404,0.464271047,0.301879849
0.153767522,0.524900662,0.887165775,0.2466153,0.320054967,0.188888889,0.400350877,0.170225873,0.162320128
0.128853662,0.319337748,0.865775401,0.386626307,0.183235179,0.188888889,0.330175439,0.106160164,0.114404647
0.109544503,0.230331126,0.827272727,0.170005504,0.136874755,0.70952381,0.52245614,0.411293634,0.125358145
0.198614304,0.503708609,0.810160428,0.416125482,0.334252061,0.353968254,0.459298246,0.212525667,0.176805752
0.314299556,0.301324503,0.857219251,0.269510182,0.45530428,0.684126984,0.582807018,0.480287474,0.672502859
0.153657446,0.174172185,0.895721925,0.20038525,0.189328622,0.633333333,0.564561404,0.495482546,0.324373276
0.110681955,0.418940397,0.827272727,0.517391304,0.158987044,0.252380952,0.445263158,0.219096509,0.110622788
0.184176007,0.373377483,0.870053476,0.273472757,0.237259521,0.214285714,0.42,0.148459959,0.138878909
0.110526014,0.168874172,0.9,0.183214089,0.145418139,0.56984127,0.624912281,0.518069815,0.152780672
0.728382399,0.431655629,0.707486631,0.360649422,0.750804868,0.646031746,0.533684211,0.393223819,0.817225273
0.204402465,0.35218543,0.882887701,0.431535498,0.309878288,0.607936508,0.521052632,0.444147844,0.308991824
0.135155511,0.337350993,0.822994652,0.288442488,0.250263055,0.277777778,0.494385965,0.244969199,0.136603146
0.192262004,0.474039735,0.882887701,0.310897083,0.343674912,0.328571429,0.471929825,0.269199179,0.21547498
0.126211839,0.830066225,0.382352941,0.217116125,0.218790734,0.277777778,0.425614035,0.203080082,0.10271387
0.15864297,0.418940397,0.459358289,0.375178866,0.327781704,0.696825397,0.657192982,0.590349076,0.218871579
0.337236635,0.360662252,0.865775401,0.630104568,0.375021594,0.277777778,0.418596491,0.219096509,0.304771007
0.245699298,0.225033113,0.9,0.236488718,0.374833137,0.607936508,0.484561404,0.400616016,0.613080741
0.127918016,0.451788079,0.895721925,0.207870116,0.221491951,0.493650794,0.537894737,0.351334702,0.139293149
0.159358464,0.460264901,0.895721925,0.219757843,0.253780919,0.480952381,0.661403509,0.528747433,0.232971086
0.125147771,0.479337748,0.870053476,0.501981288,0.186250491,0.150793651,0.290877193,0.102874743,0.105836865
0.115497778,0.268476821,0.870053476,0.423170061,0.184805654,0.252380952,0.453684211,0.234291581,0.122304189
0.167338971,0.374437086,0.9,0.233847001,0.300518257,0.379365079,0.44245614,0.321355236,0.19936138
0.178745593,0.386092715,0.882887701,0.225921849,0.408881037,0.595238095,0.561754386,0.442915811,0.303105523
0.104783718,0.179470199,0.848663102,0.26510732,0.138947782,0.595238095,0.74,0.821560575,0.127111421
0.272608284,0.254701987,0.895721925,0.21315355,0.39229682,0.607936508,0.535087719,0.373921971,0.493642351
0.21072266,0.414701987,0.887165775,0.237809576,0.347758147,0.544444444,0.644561404,0.502053388,0.308817945
0.296104916,0.446490066,0.882887701,0.490533847,0.379795838,0.531746032,0.393333333,0.312731006,0.323174861
0.106164254,0.448609272,0.9,0.175288938,0.145606596,0.303174603,0.463508772,0.211293634,0.108214058
0.120542927,0.79615894,0.536363636,0.815905338,0.199756576,0.214285714,0.32877193,0.135318275,0.100651192
0.25218002,0.272715232,0.874331551,0.385745735,0.490922654,0.607936508,0.425614035,0.311088296,0.329079061
0.138228465,0.319337748,0.865775401,0.395432031,0.207169219,0.493650794,0.507017544,0.287679671,0.147545563
0.128656443,0.785562914,0.681818182,0.319262521,0.201327051,0.188888889,0.400350877,0.155852156,0.10353894
0.157207396,0.382913907,0.865775401,0.760429279,0.263894778,0.582539683,0.393333333,0.334907598,0.157858097
0.201577182,0.361721854,0.887165775,0.297688498,0.273443267,0.658730159,0.565964912,0.391991786,0.402744767
0.229224595,0.182649007,0.9,0.199944964,0.314526894,0.607936508,0.480350877,0.375564682,0.469566135
0.148433424,0.826887417,0.857219251,0.247055586,0.240149195,0.303174603,0.457894737,0.268377823,0.10804018
0.123638813,0.357483444,0.9,0.195542102,0.180973695,0.56984127,0.525263158,0.391170431,0.138868681
0.248639243,0.445430464,0.831550802,0.420528343,0.345119749,0.328571429,0.410175439,0.203901437,0.177683665
0.188895514,0.48781457,0.882887701,0.291524491,0.252901453,0.493650794,0.403157895,0.227720739,0.136374717
0.122900387,0.320397351,0.763101604,0.33555311,0.169603455,0.531746032,0.836842105,0.714784394,0.168145056
0.251359037,0.272715232,0.536363636,0.304733076,0.281735375,0.849206349,0.570175439,0.649075975,0.68240971
0.161784721,0.360662252,0.587700535,0.321904238,0.231166078,0.379365079,0.424210526,0.271252567,0.147035008
0.580655869,0.221854305,0.852941176,0.305173363,0.520196309,0.455555556,0.418596491,0.286447639,0.850463357
0.462801204,0.499470199,0.887165775,0.312658228,0.730137417,0.519047619,0.422807018,0.24661191,0.291461633
0.10427003,0.250463576,0.9,0.550412768,0.153458971,0.1,0.375087719,0.113141684,0.103817658
0.178218145,0.340529801,0.887165775,0.270390754,0.32300746,0.56984127,0.672631579,0.542299795,0.294998008
0.256000573,0.276953642,0.797326203,0.292845349,0.289336474,0.70952381,0.829824561,0.708213552,0.745378439
0.104508528,0.132847682,0.9,0.271271326,0.123996859,0.633333333,0.678245614,0.652361396,0.125031697
0.139884191,0.31615894,0.788770053,0.431535498,0.23732234,0.56984127,0.373684211,0.282340862,0.150003729
0.599561416,0.398807947,0.831550802,0.357127133,0.650922654,0.56984127,0.631929825,0.500821355,0.74505032
0.329604701,0.441192053,0.818716578,0.296807925,0.445504515,0.265079365,0.464912281,0.204722793,0.299967185
0.179029956,0.306622517,0.677540107,0.356686846,0.390098155,0.557142857,0.391929825,0.250718686,0.187380805
0.124923033,0.308741722,0.9,0.127297744,0.171048292,0.734920635,0.615087719,0.556262834,0.231716433
0.384312455,0.43589404,0.707486631,0.783324161,0.491927758,0.252380952,0.35122807,0.171047228,0.178490831
0.830441164,0.536556291,0.874331551,0.71067694,0.708716137,0.252380952,0.384912281,0.184599589,0.236383027
0.183749463,0.403046358,0.549197861,0.223720418,0.265528072,0.480952381,0.460701754,0.343531828,0.181588261
0.135669199,0.401986755,0.686096257,0.213593836,0.214079309,0.43015873,0.690877193,0.534907598,0.176573053
0.138526587,0.318278146,0.822994652,0.336433682,0.22915587,0.150793651,0.324561404,0.116016427,0.113174713
0.155895657,0.698675497,0.784491979,0.49713814,0.250828426,0.163492063,0.391929825,0.135728953,0.110477037
0.125927476,0.446490066,0.882887701,0.437259218,0.17180212,0.138095238,0.316140351,0.100410678,0.107197209
0.182946825,0.415761589,0.56631016,0.285800771,0.273506086,0.265079365,0.436842105,0.213347023,0.154270573
0.141787588,0.319337748,0.840106952,0.560979637,0.284185316,0.214285714,0.352631579,0.116016427,0.11737763
0.732207539,0.428476821,0.797326203,0.295927353,0.761484099,0.607936508,0.466315789,0.325462012,0.843932682
0.138063351,0.816291391,0.9,0.612493121,0.237636435,0.252380952,0.372280702,0.175975359,0.108843942
0.458705461,0.432715232,0.540641711,0.358447991,0.534958775,0.56984127,0.547719298,0.447022587,0.525893418
0.128505088,0.320397351,0.887165775,0.394111172,0.203023165,0.201587302,0.32877193,0.111909651,0.113801186
0.205847212,0.361721854,0.365240642,0.207429829,0.347820966,0.70952381,0.51122807,0.423613963,0.23682369
0.510780565,0.429536424,0.878609626,0.303412218,0.771032587,0.480952381,0.561754386,0.436755647,0.466679239
0.333172997,0.342649007,0.887165775,0.316620804,0.428040832,0.722222222,0.697894737,0.548870637,0.852771544
0.364847356,0.241986755,0.865775401,0.346119978,0.522960346,0.607936508,0.441052632,0.368172485,0.523682433
0.456522288,0.357483444,0.767379679,0.318381948,0.504554378,0.468253968,0.526666667,0.420328542,0.54622695
0.226779991,0.266357616,0.865775401,0.9,0.318358854,0.252380952,0.389122807,0.154209446,0.171072874
0.303259854,0.427417219,0.89144385,0.240451293,0.426595995,0.493650794,0.441052632,0.276180698,0.319642739
0.122629784,0.374437086,0.887165775,0.205228398,0.187255595,0.265079365,0.412982456,0.220328542,0.122502788
0.681490039,0.511125828,0.882887701,0.348761695,0.886117,0.480952381,0.415789474,0.233470226,0.331565355
0.116951698,0.338410596,0.9,0.14270776,0.161374166,0.734920635,0.633333333,0.585010267,0.20220992
0.11608485,0.515364238,0.822994652,0.111007155,0.162316451,0.303174603,0.549122807,0.34312115,0.10974061
0.220166261,0.503708609,0.870053476,0.266428178,0.278154692,0.404761905,0.40877193,0.243737166,0.223123933
0.162449764,0.450728477,0.887165775,0.448706659,0.235123675,0.29047619,0.410175439,0.226078029,0.161018596
0.148850795,0.82794702,0.73315508,0.272592185,0.238076168,0.188888889,0.383508772,0.154209446,0.102695118
0.123303999,0.400927152,0.690374332,0.358888277,0.205787201,0.265079365,0.473333333,0.22238193,0.127275071
0.146640103,0.52384106,0.822994652,0.749422124,0.223879073,0.176190476,0.316140351,0.114784394,0.105545363
0.163504658,0.502649007,0.870053476,0.317941662,0.229469965,0.188888889,0.341403509,0.116427105,0.113165336
0.267232908,0.253642384,0.609090909,0.396752889,0.375084413,0.696825397,0.63754386,0.591991786,0.485942258
0.289312312,0.201721854,0.305347594,0.566703357,0.452854338,0.557142857,0.407368421,0.304928131,0.266527947
0.481293966,0.392450331,0.887165775,0.254540451,0.481939537,0.43015873,0.470526316,0.343942505,0.489882653
0.100050451,0.531258278,0.9,0.165602642,0.103329407,0.506349206,0.516842105,0.366119097,0.10139529
0.138700874,0.250463576,0.835828877,0.294606494,0.225009815,0.722222222,0.805964912,0.798973306,0.300401881
0.204228178,0.51218543,0.870053476,0.376059439,0.278154692,0.328571429,0.438245614,0.269199179,0.221178027
0.140085997,0.470860927,0.827272727,0.378701156,0.260565371,0.392063492,0.528070175,0.367761807,0.118149855
0.17390225,0.443311258,0.844385027,0.288882774,0.227145662,0.366666667,0.391929825,0.167761807,0.151099846
0.142773685,0.892582781,0.835828877,0.320143093,0.214707499,0.265079365,0.422807018,0.228542094,0.105139646
0.615045435,0.540794702,0.874331551,0.369455146,0.605504515,0.277777778,0.401754386,0.215811088,0.335900386
0.126803497,0.329933775,0.9,0.123775454,0.186564586,0.404761905,0.438245614,0.289322382,0.141469189
0.111557976,0.67218543,0.326737968,0.203467254,0.156411464,0.379365079,0.546315789,0.401848049,0.106055066
0.447381396,0.301324503,0.587700535,0.324105669,0.761044366,0.366666667,0.504210526,0.348049281,0.496971615
0.9,0.405165563,0.634759358,0.359328564,0.729069494,0.696825397,0.432631579,0.360780287,0.481013993
0.144369786,0.355364238,0.840106952,0.416565768,0.219104829,0.595238095,0.481754386,0.402669405,0.163209978
0.139696144,0.20807947,0.887165775,0.207870116,0.230223793,0.56984127,0.497192982,0.30164271,0.235708822
0.101233768,0.231390728,0.9,0.31706109,0.109611307,0.163492063,0.39754386,0.133675565,0.102557038
0.267072381,0.538675497,0.865775401,0.487011558,0.428920298,0.29047619,0.424210526,0.230595483,0.174938258
0.125624767,0.336291391,0.895721925,0.280517336,0.20585002,0.455555556,0.497192982,0.348459959,0.152042541
0.109952702,0.601192053,0.613368984,0.344799119,0.160054967,0.265079365,0.412982456,0.242505133,0.105037365
0.135072954,0.427417219,0.9,0.306053935,0.243415783,0.214285714,0.375087719,0.124640657,0.110528177
0.505207969,0.515364238,0.857219251,0.55833792,0.652555948,0.265079365,0.414385965,0.204312115,0.176267066
0.161303139,0.474039735,0.882887701,0.239130435,0.307365528,0.43015873,0.571578947,0.454825462,0.182389467
0.111901964,0.302384106,0.895721925,0.286681343,0.144287397,0.163492063,0.341403509,0.111909651,0.110829908
0.14526874,0.320397351,0.895721925,0.498458998,0.256984688,0.595238095,0.429824561,0.391991786,0.20792235
0.283441594,0.32781457,0.664705882,0.327187672,0.344491559,0.773015873,0.487368421,0.458110883,0.272054559
0.378171134,0.449668874,0.835828877,0.227682994,0.570451512,0.404761905,0.525263158,0.383367556,0.388188403
0.40390139,0.342649007,0.882887701,0.308255366,0.557196702,0.442857143,0.491578947,0.357084189,0.491463755
0.56200258,0.371258278,0.587700535,0.338635113,0.531440911,0.722222222,0.445263158,0.410882957,0.347340574
0.129335244,0.43589404,0.870053476,0.361529994,0.216026698,0.722222222,0.641754386,0.527104723,0.190931678
0.108503368,0.751655629,0.9,0.155476059,0.149375736,0.303174603,0.484561404,0.286036961,0.1
0.119703598,0.290728477,0.639037433,0.483489268,0.211063997,0.480952381,0.429824561,0.275770021,0.12659149
0.196573312,0.436953642,0.797326203,0.415244909,0.297063212,0.722222222,0.692280702,0.57926078,0.352527952
0.219881898,0.290728477,0.840106952,0.339955971,0.356050255,0.56984127,0.463508772,0.389527721,0.377672158
0.170522001,0.441192053,0.887165775,0.398073748,0.320683157,0.341269841,0.39754386,0.188295688,0.168003571
0.414477856,0.490993377,0.673262032,0.223280132,0.453105614,0.341269841,0.459298246,0.327926078,0.299569991
0.126881468,0.494172185,0.810160428,0.356686846,0.195359246,0.188888889,0.410175439,0.152156057,0.11177175
0.118561559,0.561986755,0.887165775,0.141386901,0.178586572,0.226984127,0.39754386,0.164065708,0.115536562
0.175943242,0.238807947,0.861497326,0.290203632,0.32928936,0.671428571,0.481754386,0.401026694,0.271101636
0.11519507,0.511125828,0.544919786,0.284039626,0.180533962,0.493650794,0.469122807,0.303696099,0.115541677
0.2074479,0.461324503,0.771657754,0.424931205,0.376340793,0.138095238,0.323157895,0.102874743,0.119791474
0.157491759,0.318278146,0.882887701,0.52487617,0.198814291,0.176190476,0.307719298,0.107392197,0.120446075
0.167999427,0.330993377,0.810160428,0.304733076,0.314338437,0.455555556,0.446666667,0.288911704,0.184172574
0.129908557,0.325695364,0.9,0.220638415,0.233050648,0.684126984,0.64877193,0.483162218,0.241872988
0.289316898,0.716688742,0.763101604,0.402916896,0.430993325,0.29047619,0.474736842,0.267967146,0.136640649
0.147543643,0.412582781,0.874331551,0.248816731,0.256796231,0.328571429,0.501403509,0.297535934,0.197961828
0.13482987,0.808874172,0.775935829,0.451788663,0.302088732,0.23968254,0.379298246,0.172689938,0.105235961
0.231586642,0.42,0.882887701,0.258503027,0.335759717,0.315873016,0.495789474,0.278644764,0.278072974
0.253078974,0.426357616,0.532085561,0.429334067,0.32552022,0.607936508,0.525263158,0.51026694,0.431845563
0.316689121,0.250463576,0.138502674,0.397193176,0.443243031,0.747619048,0.5,0.438398357,0.339036184
0.145869571,0.391390728,0.690374332,0.361089708,0.197369454,0.493650794,0.661403509,0.388295688,0.210103513
0.419142325,0.378675497,0.840106952,0.256301596,0.480997252,0.684126984,0.480350877,0.375975359,0.611622377
0.277089293,0.400927152,0.827272727,0.577710512,0.33808402,0.214285714,0.359649123,0.139425051,0.13647018
0.11317701,0.490993377,0.870053476,0.367253715,0.158484492,0.265079365,0.40877193,0.233470226,0.12232976
0.155042568,0.369139073,0.895721925,0.294606494,0.269485669,0.442857143,0.480350877,0.362833676,0.207529411
0.143085567,0.215496689,0.9,0.218436984,0.202394974,0.531746032,0.412982456,0.278234086,0.208365563
0.362820123,0.36807947,0.771657754,0.353164557,0.474715351,0.480952381,0.532280702,0.3862423,0.425746176
0.336631217,0.405165563,0.870053476,0.362410567,0.564295249,0.506349206,0.540701754,0.442094456,0.330877511
0.133348431,0.889403974,0.878609626,0.267308751,0.222245779,0.252380952,0.452280702,0.233880903,0.10154786
0.166889494,0.743178808,0.58342246,0.678095762,0.347820966,0.150793651,0.342807018,0.150924025,0.105579457
0.116208686,0.211258278,0.9,0.233406714,0.189768355,0.379365079,0.429824561,0.316016427,0.144303239
0.390394152,0.426357616,0.865775401,0.385745735,0.571645073,0.404761905,0.464912281,0.210061602,0.240618341
0.26609087,0.45602649,0.643315508,0.298128784,0.41874362,0.468253968,0.501403509,0.316427105,0.245377834
0.125702738,0.478278146,0.630481283,0.138745184,0.218036906,0.265079365,0.463508772,0.322587269,0.121559239
0.17181998,0.336291391,0.865775401,0.637589433,0.252587358,0.607936508,0.401754386,0.398151951,0.211977805
0.108145621,0.357483444,0.861497326,0.402916896,0.164703573,0.531746032,0.599649123,0.477002053,0.117675098
0.768674789,0.839602649,0.835828877,0.395432031,0.684468002,0.252380952,0.401754386,0.201848049,0.178507883
0.488049878,0.267417219,0.664705882,0.321463952,0.623847664,0.506349206,0.48877193,0.331211499,0.739752138
0.111979934,0.563046358,0.882887701,0.191139241,0.152767962,0.265079365,0.448070175,0.284804928,0.116811672
0.183410062,0.379735099,0.801604278,0.468519538,0.268417746,0.557142857,0.382105263,0.339835729,0.189076973
0.19854092,0.478278146,0.895721925,0.312217942,0.329666274,0.404761905,0.540701754,0.453593429,0.203918874
0.147552816,0.265298013,0.634759358,0.271711613,0.175948174,0.9,0.75122807,0.879055441,0.437736979
0.146442884,0.36807947,0.9,0.195982389,0.226768748,0.620634921,0.452280702,0.281519507,0.153295489
0.243080407,0.338410596,0.844385027,0.451348376,0.377283078,0.557142857,0.393333333,0.345174538,0.281570149
0.5418174,0.310860927,0.797326203,0.531920748,0.564734982,0.544444444,0.369473684,0.284394251,0.30158579
0.149506665,0.267417219,0.497860963,0.508585581,0.220863761,0.188888889,0.375087719,0.14476386,0.122064682
0.199793034,0.356423841,0.878609626,0.302531646,0.310066745,0.722222222,0.706315789,0.556262834,0.554382196
0.162835029,0.293907285,0.198395722,0.233847001,0.273945819,0.773015873,0.692280702,0.884804928,0.23735044
0.274773112,0.305562914,0.720320856,0.46367639,0.388276404,0.265079365,0.424210526,0.201026694,0.229082684
0.121501505,0.572582781,0.801604278,0.206108971,0.18442874,0.379365079,0.467719298,0.312320329,0.106784674
0.281758349,0.27589404,0.1,0.264667034,0.394055752,0.76031746,0.710526316,0.739835729,0.626122486
0.136678228,0.54397351,0.857219251,0.234287287,0.25623086,0.341269841,0.44245614,0.267967146,0.113764535
0.262105203,0.510066225,0.887165775,0.40820033,0.340848057,0.341269841,0.491578947,0.263039014,0.356376294
0.103770102,0.504768212,0.9,0.114529444,0.115390656,0.353968254,0.553333333,0.391991786,0.106573292
0.123492045,0.303443709,0.831550802,0.482608696,0.220675304,0.214285714,0.368070175,0.116427105,0.118202701
0.36444833,0.308741722,0.870053476,0.267308751,0.602991755,0.379365079,0.415789474,0.219507187,0.337407334
0.190716354,0.694437086,0.74171123,0.445624656,0.348700432,0.188888889,0.390526316,0.144353183,0.127611748
0.22409689,0.42,0.874331551,0.312217942,0.363462898,0.684126984,0.39754386,0.286036961,0.260316902
0.333576609,0.301324503,0.857219251,0.288882774,0.466548881,0.620634921,0.56877193,0.419917864,0.505388531
0.152969471,0.286490066,0.232620321,0.264667034,0.260879466,0.56984127,0.551929825,0.498767967,0.253637067
0.169150638,0.610728477,0.797326203,0.192019813,0.253969376,0.480952381,0.457894737,0.348870637,0.127482191
0.207879031,0.354304636,0.788770053,0.255421024,0.285881429,0.849206349,0.546315789,0.60349076,0.424390946
0.170691701,0.270596026,0.784491979,0.382223445,0.267224185,0.620634921,0.565964912,0.49137577,0.219964287
0.189230328,0.539735099,0.793048128,0.691744634,0.320620338,0.176190476,0.32877193,0.112320329,0.107955797
0.563850939,0.220794702,0.870053476,0.297248211,0.502292894,0.455555556,0.42,0.290554415,0.725954361
0.290513974,0.319337748,0.698930481,0.479526692,0.433066353,0.176190476,0.363859649,0.130800821,0.165088548
0.355967895,0.622384106,0.600534759,0.661805173,0.583517864,0.201587302,0.35122807,0.146406571,0.130948682
0.122203239,0.878807947,0.9,0.251458448,0.166274048,0.265079365,0.425614035,0.267967146,0.104179052
0.183185323,0.42,0.874331551,0.480847551,0.285630153,0.595238095,0.450877193,0.364065708,0.245661666
0.184405332,0.319337748,0.459358289,0.257622455,0.278594425,0.607936508,0.518245614,0.406365503,0.22279578
0.119171564,0.291788079,0.895721925,0.234287287,0.185999215,0.607936508,0.66,0.61211499,0.191262388
0.245992834,0.359602649,0.89144385,0.526197028,0.318987044,0.582539683,0.404561404,0.348049281,0.281293989
0.352688548,0.235629139,0.292513369,0.334232251,0.440604633,0.646031746,0.396140351,0.329158111,0.387498002
0.153396015,0.587417219,0.656149733,0.28932306,0.262198665,0.29047619,0.487368421,0.304106776,0.135796826
0.104646123,0.524900662,0.570588235,0.17044579,0.132665881,0.303174603,0.514035088,0.293429158,0.101411485
0.108599685,0.463443709,0.805882353,0.102201431,0.16237927,0.506349206,0.647368421,0.480287474,0.112530339
0.190097176,0.478278146,0.895721925,0.219757843,0.29147232,0.43015873,0.645964912,0.509034908,0.289077612
0.15700559,0.478278146,0.895721925,0.258062741,0.264460149,0.442857143,0.459298246,0.26550308,0.144958693
0.141727963,0.460264901,0.852941176,0.220638415,0.225575186,0.366666667,0.412982456,0.183367556,0.129956552
0.504295256,0.451788079,0.797326203,0.418326912,0.635657636,0.353968254,0.414385965,0.254825462,0.302326478
0.192656443,0.48781457,0.801604278,0.3263071,0.342921084,0.277777778,0.441052632,0.266324435,0.173842141
0.134903254,0.301324503,0.673262032,0.369455146,0.248252846,0.455555556,0.463508772,0.355441478,0.127902398
0.188299269,0.29602649,0.874331551,0.559658778,0.366352572,0.252380952,0.400350877,0.168583162,0.173530183
0.14026487,0.370198675,0.9,0.165602642,0.233741657,0.493650794,0.775087719,0.707392197,0.272998958
0.167453633,0.462384106,0.874331551,0.735332966,0.296497841,0.265079365,0.337192982,0.169815195,0.125495373
0.240122116,0.410463576,0.840106952,0.311337369,0.35762073,0.366666667,0.42,0.163244353,0.197844204
0.163637667,0.414701987,0.874331551,0.392790314,0.337393011,0.214285714,0.331578947,0.108213552,0.122894013
0.529686112,0.371258278,0.754545455,0.361089708,0.621146447,0.595238095,0.473333333,0.364887064,0.521625722
0.160491329,0.47615894,0.75026738,0.234727573,0.318924225,0.442857143,0.466315789,0.242505133,0.162136874
0.153074961,0.339470199,0.771657754,0.291524491,0.262073027,0.277777778,0.485964912,0.23963039,0.146074414
0.466929053,0.355364238,0.656149733,0.548211337,0.506878681,0.201587302,0.356842105,0.136550308,0.206125597
0.163128565,0.354304636,0.887165775,0.214914695,0.298005497,0.544444444,0.391929825,0.246201232,0.220405802
0.13527476,0.189006623,0.89144385,0.188497523,0.199128386,0.620634921,0.483157895,0.345174538,0.189912272
0.149424108,0.434834437,0.455080214,0.21887727,0.263517864,0.684126984,0.547719298,0.381314168,0.218350796
0.247382543,0.178410596,0.878609626,0.223280132,0.311197487,0.633333333,0.514035088,0.417043121,0.503841523
0.626273183,0.360662252,0.198395722,0.254100165,0.645457401,0.70952381,0.626315789,0.671252567,0.70418715
0.133252114,0.27589404,0.895721925,0.136543753,0.195233608,0.56984127,0.421403509,0.23798768,0.142019804
0.12480837,0.761192053,0.720320856,0.198624106,0.17117393,0.188888889,0.429824561,0.157084189,0.104565165
0.307983947,0.250463576,0.771657754,0.195542102,0.402159403,0.56984127,0.469122807,0.295071869,0.443326664
0.160940806,0.361721854,0.489304813,0.271711613,0.230600707,0.277777778,0.424210526,0.203901437,0.146826183
0.11100301,0.310860927,0.9,0.586956522,0.153773066,0.176190476,0.286666667,0.116016427,0.105548772
0.126762219,0.403046358,0.887165775,0.227682994,0.17557126,0.734920635,0.502807018,0.42238193,0.143854905
0.106613731,0.833245033,0.728877005,0.166042928,0.142340008,0.277777778,0.428421053,0.206776181,0.100090349
0.167261,0.430596026,0.651871658,0.889433132,0.290906949,0.315873016,0.361052632,0.206365503,0.132635473
0.128101476,0.629801325,0.793048128,0.21315355,0.175068708,0.303174603,0.400350877,0.224845996,0.105446491
0.144966031,0.301324503,0.887165775,0.561419923,0.210687083,0.23968254,0.450877193,0.221149897,0.136132652
0.178786871,0.210198675,0.805882353,0.175729224,0.233176286,0.56984127,0.528070175,0.395687885,0.299969742
0.575037409,0.70397351,0.75026738,0.434177215,0.654126423,0.214285714,0.394736842,0.181724846,0.164757838
0.12826659,0.415761589,0.9,0.202586681,0.230789164,0.595238095,0.571578947,0.403901437,0.161647627
0.114832736,0.376556291,0.895721925,0.408640616,0.167593247,0.633333333,0.581403509,0.45687885,0.158249324
0.220216712,0.488874172,0.728877005,0.329829389,0.340722419,0.277777778,0.457894737,0.266735113,0.196487269
0.249024509,0.849139073,0.9,0.40247661,0.38978406,0.252380952,0.368070175,0.175975359,0.118240204
0.677573169,0.390331126,0.544919786,0.349201981,0.639363958,0.70952381,0.443859649,0.39486653,0.382037874
0.122244518,0.587417219,0.870053476,0.634947716,0.176513545,0.163492063,0.387719298,0.133675565,0.109332336
0.126225598,0.181589404,0.9,0.178370941,0.16991755,0.56984127,0.470526316,0.362833676,0.20948725
0.113855812,0.308741722,0.9,0.208750688,0.148559089,0.722222222,0.1,0.831416838,0.172916494
0.104783718,0.823708609,0.660427807,0.16119978,0.12581861,0.303174603,0.505614035,0.293429158,0.100775635
0.32982944,0.361721854,0.59197861,0.259823886,0.428606203,0.671428571,0.512631579,0.406776181,0.510266507
0.159083274,0.321456954,0.805882353,0.515189873,0.255539851,0.252380952,0.441052632,0.204722793,0.165772985
0.257578329,0.233509934,0.805882353,0.269950468,0.392799372,0.417460317,0.391929825,0.25687885,0.328673345
0.267847499,0.251523179,0.814438503,0.447826087,0.416796231,0.582539683,0.456491228,0.374743326,0.441085846
0.281781281,0.480397351,0.861497326,0.268189323,0.422952493,0.341269841,0.435438596,0.290143737,0.248047382
0.303452487,0.28013245,0.797326203,0.249257017,0.475092265,0.607936508,0.542105263,0.432648871,0.554818631
0.521283646,0.401986755,0.870053476,0.28359934,0.551354535,0.442857143,0.495789474,0.369404517,0.548112373
0.272236778,0.429536424,0.75026738,0.301651073,0.353914409,0.658730159,0.492982456,0.385831622,0.30981264
0.28600086,0.372317881,0.301069519,0.364171712,0.351213192,0.658730159,0.697894737,0.59650924,0.404525318
0.174681955,0.336291391,0.887165775,0.272151899,0.318296035,0.56984127,0.678245614,0.550513347,0.293828589
0.233132292,0.31615894,0.852941176,0.235608145,0.266784452,0.696825397,0.52245614,0.418275154,0.406532593
0.128867422,0.309801325,0.895721925,0.320143093,0.206980762,0.607936508,0.713333333,0.578028747,0.202813381
0.423976494,0.396688742,0.579144385,0.471601541,0.588543384,0.188888889,0.369473684,0.129979466,0.162388316
0.217776695,0.315099338,0.887165775,0.30429279,0.351150373,0.442857143,0.497192982,0.375975359,0.270590228
0.133293393,0.558807947,0.848663102,0.257622455,0.182355713,0.265079365,0.457894737,0.244558522,0.118800195
0.199806794,0.373377483,0.818716578,0.368134287,0.335822536,0.646031746,0.518245614,0.479876797,0.299927977
0.161945249,0.389271523,0.895721925,0.326747386,0.27639576,0.201587302,0.377894737,0.127104723,0.119419851
0.289862692,0.370198675,0.822994652,0.262465603,0.406242638,0.684126984,0.485964912,0.370225873,0.522214693
0.443193923,0.20807947,0.852941176,0.28359934,0.463722026,0.582539683,0.470526316,0.341478439,0.9
0.154538054,0.494172185,0.780213904,0.371656577,0.279348253,0.493650794,0.450877193,0.270841889,0.134187597
0.229265874,0.300264901,0.801604278,0.413043478,0.328723989,0.607936508,0.484561404,0.34312115,0.214343917
0.124235058,0.250463576,0.9,0.491854706,0.208802513,0.480952381,0.435438596,0.277412731,0.16184111
0.361306579,0.431655629,0.835828877,0.468959824,0.584208873,0.138095238,0.321754386,0.10862423,0.146105099
0.239227748,0.551390728,0.848663102,0.499779857,0.303156655,0.252380952,0.396140351,0.200616016,0.161367206
0.11254866,0.361721854,0.793048128,0.451788663,0.175319984,0.582539683,0.497192982,0.356262834,0.126470457
0.177654006,0.279072848,0.865775401,0.346560264,0.295492737,0.493650794,0.418596491,0.279055441,0.182022958
0.121501505,0.852317881,0.660427807,0.609851403,0.197432273,0.125396825,0.352631579,0.152156057,0.101232492
0.110837896,0.421059603,0.805882353,0.243973583,0.16489203,0.392063492,0.553333333,0.46386037,0.115613274
0.133628207,0.184768212,0.279679144,0.494936709,0.191276011,0.176190476,0.379298246,0.106570842,0.11145553
0.182680808,0.461324503,0.758823529,0.272151899,0.262073027,0.379365079,0.547719298,0.460574949,0.238835227
0.141888491,0.232450331,0.737433155,0.501981288,0.273066353,0.265079365,0.439649123,0.203901437,0.150152037
0.150245091,0.265298013,0.25828877,0.210071547,0.219481743,0.519047619,0.782105263,0.633470226,0.263483368
0.327481152,0.29602649,0.89144385,0.258503027,0.46786808,0.595238095,0.508421053,0.331622177,0.671503943
0.382794324,0.394569536,0.89144385,0.354045129,0.479992148,0.658730159,0.508421053,0.339425051,0.522233445
0.182910133,0.493112583,0.89144385,0.227682994,0.274071457,0.493650794,0.429824561,0.262628337,0.153214516
0.217648273,0.241986755,0.771657754,0.331590534,0.35259521,0.582539683,0.647368421,0.528336756,0.483842077
0.192326215,0.344768212,0.887165775,0.268629609,0.303910483,0.392063492,0.435438596,0.181724846,0.204760139
0.239122259,0.514304636,0.570588235,0.390148597,0.450718492,0.455555556,0.434035088,0.257289528,0.262668525
0.183983374,0.397748344,0.74171123,0.250577876,0.241970946,0.607936508,0.769473684,0.557905544,0.370803102
0.146227318,0.39986755,0.810160428,0.324105669,0.205159011,0.23968254,0.434035088,0.214168378,0.125265239
0.109283073,0.212317881,0.9,0.116730875,0.187946604,0.392063492,0.501403509,0.304106776,0.124134175
0.160234485,0.388211921,0.822994652,0.380022014,0.251707892,0.214285714,0.332982456,0.111909651,0.12133081
0.19554135,0.480397351,0.844385027,0.238690149,0.299575972,0.392063492,0.535087719,0.419917864,0.219398329
0.210951985,0.413642384,0.870053476,0.658282884,0.290027483,0.595238095,0.446666667,0.365297741,0.2010763
0.193142611,0.303443709,0.793048128,0.343037975,0.295869651,0.265079365,0.446666667,0.22238193,0.161628023
0.144420238,0.345827815,0.9,0.236488718,0.227648214,0.56984127,0.669824561,0.650718686,0.350844585
0.819007023,0.501589404,0.835828877,0.512988442,0.679002748,0.252380952,0.414385965,0.205954825,0.384371597
0.295160097,0.632980132,0.75026738,0.390148597,0.479049863,0.226984127,0.39754386,0.154209446,0.143118478
0.188005733,0.575761589,0.703208556,0.617336269,0.322190813,0.252380952,0.338596491,0.165708419,0.1184388
0.209777841,0.396688742,0.882887701,0.258062741,0.307177071,0.468253968,0.502807018,0.393634497,0.232560256
0.112727533,0.281192053,0.9,0.353604843,0.175822536,0.480952381,0.446666667,0.313552361,0.137596129
0.114672209,0.552450331,0.831550802,0.184094662,0.145292501,0.353968254,0.484561404,0.347227926,0.108355548
0.13972825,0.554569536,0.861497326,0.383104018,0.209807617,0.265079365,0.435438596,0.219917864,0.120031835
0.135880178,0.486754967,0.793048128,0.229003853,0.220235571,0.442857143,0.470526316,0.260164271,0.132530637
0.193482012,0.454966887,0.895721925,0.24309301,0.353788771,0.379365079,0.441052632,0.252361396,0.187159195
0.132330228,0.525960265,0.784491979,0.784645019,0.246556733,0.214285714,0.334385965,0.136960986,0.104372535
0.114126415,0.897880795,0.9,0.159878921,0.16991755,0.214285714,0.398947368,0.166529774,0.100644374
0.130266304,0.624503311,0.9,0.257622455,0.25057715,0.328571429,0.407368421,0.212936345,0.123867392
0.10254092,0.314039735,0.9,0.115850303,0.115013742,0.455555556,0.453684211,0.342710472,0.112309581
0.164334814,0.498410596,0.89144385,0.288442488,0.308621908,0.277777778,0.464912281,0.234702259,0.16092569
0.128472983,0.406225166,0.887165775,0.307374794,0.210687083,0.620634921,0.619298246,0.481930185,0.149101947
0.600157661,0.398807947,0.831550802,0.358447991,0.655319984,0.56984127,0.631929825,0.500410678,0.632579859
0.182671635,0.353245033,0.463636364,0.3263071,0.376026698,0.658730159,0.667017544,0.591581109,0.286263166
