{
  "project_info": {
    "project_number": "58360280027",
    "project_id": "haki-f9e98",
    "storage_bucket": "haki-f9e98.appspot.com"
  },
  "client": [
    {
      "client_info": {
        "mobilesdk_app_id": "1:58360280027:android:c8e1a561ceb5670559adfe",
        "android_client_info": {
          "package_name": "com.example.haki"
        }
      },
      "oauth_client": [
        {
          "client_id": "58360280027-c4l6tbckl34oedisoup8dkgh2ufpspkl.apps.googleusercontent.com",
          "client_type": 3
        }
      ],
      "api_key": [
        {
          "current_key": "AIzaSyCZZLALo39Ub6Q-VtM3EszHbAg5RnYEqAo"
        }
      ],
      "services": {
        "appinvite_service": {
          "other_platform_oauth_client": [
            {
              "client_id": "58360280027-c4l6tbckl34oedisoup8dkgh2ufpspkl.apps.googleusercontent.com",
              "client_type": 3
            }
          ]
        }
      }
    }
  ],
  "configuration_version": "1"
}